<profile version="1.0">
  <option name="myName" value="Default" />
  <inspection_tool class="PyBroadExceptionInspection" enabled="true" level="INFORMATION" enabled_by_default="true" />
  <inspection_tool class="PyShadowingBuiltinsInspection" enabled="true" level="WEAK WARNING" enabled_by_default="true">
    <option name="ignoredNames">
      <list>
        <option value="id" />
      </list>
    </option>
  </inspection_tool>
  <inspection_tool class="PyUnresolvedReferencesInspection" enabled="true" level="WARNING" enabled_by_default="true">
    <option name="ignoredIdentifiers">
      <list>
        <option value="telegram.inline.inlinequery.InlineQuery.answerInlineQuery" />
      </list>
    </option>
  </inspection_tool>
</profile>